"TABEL IDENTIFIKASI KETERSEDIAAN DAN KEBUTUHAN FASILITAS EVAKUASI TINGKAT ZONA KOTA PADANG, PROVINSI SUMATERA BARAT",Unnamed: 1,Unnamed: 2,Unnamed: 3,Unnamed: 4,Unnamed: 5,Unnamed: 6,Unnamed: 7,Unnamed: 8,Unnamed: 9,Unnamed: 10,Unnamed: 11,Unnamed: 12,Unnamed: 13
SEKTOR E,71,Zona 47,53.7292703823,4226.34599264,JALAN KAKI,46,MESJID ISTIQLAL (Bangunan yang diusulkan),4226.34599264,Jln. Raden Saleh - Jln. Kyai Ahmad Dahlan - Jln. Gajah Mada - Jln Ke PDAM - TEA E1 Gunung Pangilun,"REKOMENDASI 
(Jalan, Jembatan, dll)",E1,Gunung Pangilun (rekomendasi),80684
SEKTOR E,71,Zona 47,53.7292703823,4226.34599264,JALAN KAKI,160,SDN 26 RIMBO KALUANG (Bangunan yang diusulkan),4226.34599264,Jln. Raden Saleh - Jln. Kyai Ahmad Dahlan - Jln. Gajah Mada - Jln Ke PDAM - TEA E1 Gunung Pangilun,"REKOMENDASI 
(Jalan, Jembatan, dll)",E1,Gunung Pangilun (rekomendasi),80684
SEKTOR E,71,Zona 48,100.999994519,10203.685501,JALAN KAKI,42,DINAS PU PROP SUMATERA BARAT (Bangunan yang diusulkan),10203.685501,Jln. Kyai Ahmad Dahlan - Jln. Gajah Mada - Jln Ke PDAM - TEA E1 Gunung Pangilun,"REKOMENDASI 
(Jalan, Jembatan, dll)",E1,Gunung Pangilun (rekomendasi),80684
SEKTOR E,71,Zona 48,100.999994519,10203.685501,JALAN KAKI,43,HOTEL IBIS (Bangunan yang diusulkan),10203.685501,Jln. Kyai Ahmad Dahlan - Jln. Gajah Mada - Jln Ke PDAM - TEA E1 Gunung Pangilun,"REKOMENDASI 
(Jalan, Jembatan, dll)",E1,Gunung Pangilun (rekomendasi),80684
SEKTOR E,71,Zona 48,100.999994519,10203.685501,JALAN KAKI,45,UNIVERSITAS TAMAN SISWA (Bangunan yang diusulkan),10203.685501,Jln. Kyai Ahmad Dahlan - Jln. Gajah Mada - Jln Ke PDAM - TEA E1 Gunung Pangilun,"REKOMENDASI 
(Jalan, Jembatan, dll)",E1,Gunung Pangilun (rekomendasi),80684
SEKTOR E,71,Zona 48,100.999994519,10203.685501,JALAN KAKI,48,BAPPEDA PROV SUMBAR  (Eksisting),10203.685501,Jln. Kyai Ahmad Dahlan - Jln. Gajah Mada - Jln Ke PDAM - TEA E1 Gunung Pangilun,"REKOMENDASI 
(Jalan, Jembatan, dll)",E1,Gunung Pangilun (rekomendasi),80684
SEKTOR E,71,Zona 48,100.999994519,10203.685501,JALAN KAKI,49,ERLANGGA (Bangunan yang diusulkan),10203.685501,Jln. Kyai Ahmad Dahlan - Jln. Gajah Mada - Jln Ke PDAM - TEA E1 Gunung Pangilun,"REKOMENDASI 
(Jalan, Jembatan, dll)",E1,Gunung Pangilun (rekomendasi),80684
SEKTOR E,71,Zona 48,100.999994519,10203.685501,JALAN KAKI,50,MESJID RAYA SUMBAR  (Eksisting),10203.685501,Jln. Kyai Ahmad Dahlan - Jln. Gajah Mada - Jln Ke PDAM - TEA E1 Gunung Pangilun,"REKOMENDASI 
(Jalan, Jembatan, dll)",E1,Gunung Pangilun (rekomendasi),80684
SEKTOR E,71,Zona 48,100.999994519,10203.685501,JALAN KAKI,55,SMAN 3 PADANG (Bangunan yang diusulkan),10203.685501,Jln. Kyai Ahmad Dahlan - Jln. Gajah Mada - Jln Ke PDAM - TEA E1 Gunung Pangilun,"REKOMENDASI 
(Jalan, Jembatan, dll)",E1,Gunung Pangilun (rekomendasi),80684
SEKTOR E,71,Zona 49,57.8449712794,5935.24803058,JALAN KAKI,52,SMKN 5 PADANG  (Eksisting),5935.24803058,Jln. S. Parman - Jln. Nusa Indah - Jln. Raden Saleh - Jln. Kyai Ahmad Dahlan - Jln. Gajah Mada - Jln Ke PDAM - TEA E1 Gunung Pangilun,"REKOMENDASI 
(Jalan, Jembatan, dll)",E1,Gunung Pangilun (rekomendasi),80684
SEKTOR E,71,Zona 49,57.8449712794,5935.24803058,JALAN KAKI,53,SMPN 7 PADANG (<500)  (Eksisting),5935.24803058,Jln. S. Parman - Jln. Nusa Indah - Jln. Raden Saleh - Jln. Kyai Ahmad Dahlan - Jln. Gajah Mada - Jln Ke PDAM - TEA E1 Gunung Pangilun,"REKOMENDASI 
(Jalan, Jembatan, dll)",E1,Gunung Pangilun (rekomendasi),80684
SEKTOR E,71,Zona 50,43.0000020272,2357.39166101,JALAN KAKI,LANGSUNG MENUJU TEA,SMPN 7 PADANG (<500)  (Eksisting),2357.39166101,Jln. Belanti Barat Raya - Jln. Khatib Sulaiman - Jln. Gunung Sago - Jalan Baledang - TEA E1 Gunung Pangilun,"REKOMENDASI 
(Jalan, Jembatan, dll)",E1,Gunung Pangilun (rekomendasi),80684
SEKTOR E,71,Zona 51,73.0000037707,5463.71319451,JALAN KAKI,51,STMIK INDONESIA (Bangunan yang diusulkan),5463.71319451,Jln. Perumahan Filano - Jln Baledang - TEA E1 Gunung Pangilun,"REKOMENDASI 
(Jalan, Jembatan, dll)",E1,Gunung Pangilun (rekomendasi),80684
SEKTOR E,71,Zona 51,73.0000037707,5463.71319451,JALAN KAKI,54,SMK TEKNOLOGI (Bangunan yang diusulkan),5463.71319451,Jln. Perumahan Filano - Jln Baledang - TEA E1 Gunung Pangilun,"REKOMENDASI 
(Jalan, Jembatan, dll)",E1,Gunung Pangilun (rekomendasi),80684
SEKTOR E,71,Zona 51,73.0000037707,5463.71319451,JALAN KAKI,56,SMAN 1 PADANG  (Eksisting),5463.71319451,Jln. Perumahan Filano - Jln Baledang - TEA E1 Gunung Pangilun,"REKOMENDASI 
(Jalan, Jembatan, dll)",E1,Gunung Pangilun (rekomendasi),80684
SEKTOR E,71,Zona 51,73.0000037707,5463.71319451,JALAN KAKI,57,SMPN 25 PADANG  (Eksisting),5463.71319451,Jln. Perumahan Filano - Jln Baledang - TEA E1 Gunung Pangilun,"REKOMENDASI 
(Jalan, Jembatan, dll)",E1,Gunung Pangilun (rekomendasi),80684
SEKTOR E,71,Zona 51,73.0000037707,5463.71319451,JALAN KAKI,59,TELKOMSEL (Bangunan yang diusulkan),5463.71319451,Jln. Perumahan Filano - Jln Baledang - TEA E1 Gunung Pangilun,"REKOMENDASI 
(Jalan, Jembatan, dll)",E1,Gunung Pangilun (rekomendasi),80684
SEKTOR E,71,Zona 52,52.0000038254,1431.31233674,JALAN KAKI,LANGSUNG MENUJU TEA,TELKOMSEL (Bangunan yang diusulkan),1431.31233674,Jln. Kelurahan Lubuk Lintah - Jln. Banda Gadang - TEA E1 Gunung Pangilun,"REKOMENDASI 
(Jalan, Jembatan, dll)",E1,Gunung Pangilun (rekomendasi),80684
SEKTOR E,71,Zona 53,43.3671139378,4425.25750436,JALAN KAKI,58,SDN 15 LOLONG (<500)  (Eksisting),4425.25750436,Jln. S. Parman - Jln. Jakarta - Jln. Khatib Sulaiman - Jln. Joni Anwar - Jln. Gajah Mada - Jln Ke PDAM - TEA E1 Gunung Pangilun,"REKOMENDASI 
(Jalan, Jembatan, dll)",E1,Gunung Pangilun (rekomendasi),80684
SEKTOR E,71,Zona 54,61.9999988752,4951.86570552,JALAN KAKI,61,DITJEN PERBENDAHARAAN PROV SUMBAR (Bangunan yang diusulkan),4951.86570552,Jln. Perjuangan - Jln Gajah Mada - Jln Ke PDAM - TEA E1 Gunung Pangilun,"REKOMENDASI 
(Jalan, Jembatan, dll)",E1,Gunung Pangilun (rekomendasi),80684
SEKTOR E,71,Zona 54,61.9999988752,4951.86570552,JALAN KAKI,63,STIKES ALIFAH (Bangunan yang diusulkan),4951.86570552,Jln. Perjuangan - Jln Gajah Mada - Jln Ke PDAM - TEA E1 Gunung Pangilun,"REKOMENDASI 
(Jalan, Jembatan, dll)",E1,Gunung Pangilun (rekomendasi),80684
SEKTOR E,71,Zona 54,61.9999988752,4951.86570552,JALAN KAKI,65,BPK (Bangunan yang diusulkan),4951.86570552,Jln. Perjuangan - Jln Gajah Mada - Jln Ke PDAM - TEA E1 Gunung Pangilun,"REKOMENDASI 
(Jalan, Jembatan, dll)",E1,Gunung Pangilun (rekomendasi),80684
SEKTOR E,71,Zona 54,61.9999988752,4951.86570552,JALAN KAKI,154,SMP PERTIWI (Bangunan yang diusulkan),4951.86570552,Jln. Perjuangan - Jln Gajah Mada - Jln Ke PDAM - TEA E1 Gunung Pangilun,"REKOMENDASI 
(Jalan, Jembatan, dll)",E1,Gunung Pangilun (rekomendasi),80684
SEKTOR E,71,Zona 55,93.9999984085,7562.7348971,JALAN KAKI,66,MESJID DARUL MUKHISIN (Bangunan yang diusulkan),7562.7348971,Jln. Gajah Mada - Jln Ke PDAM - TEA E1 Gunung Pangilun,"REKOMENDASI 
(Jalan, Jembatan, dll)",E1,Gunung Pangilun (rekomendasi),80684
SEKTOR E,71,Zona 56,47.9999967769,4301.40961328,JALAN KAKI,62,STIE AKBP (Bangunan yang diusulkan),4301.40961328,Jln. Jakarta - Jln. Khatib Sulaiman - Jln. Joni Anwar - Jln. Gajah Mada - Jln Ke PDAM - TEA E1 Gunung Pangilun,"REKOMENDASI 
(Jalan, Jembatan, dll)",E1,Gunung Pangilun (rekomendasi),80684
SEKTOR E,71,Zona 56,47.9999967769,4301.40961328,JALAN KAKI,64,PT SUKAFAJAR (Bangunan yang diusulkan),4301.40961328,Jln. Jakarta - Jln. Khatib Sulaiman - Jln. Joni Anwar - Jln. Gajah Mada - Jln Ke PDAM - TEA E1 Gunung Pangilun,"REKOMENDASI 
(Jalan, Jembatan, dll)",E1,Gunung Pangilun (rekomendasi),80684
SEKTOR E,71,Zona 56,47.9999967769,4301.40961328,JALAN KAKI,67,PASCA SARJANA UBH (Bangunan yang diusulkan),4301.40961328,Jln. Jakarta - Jln. Khatib Sulaiman - Jln. Joni Anwar - Jln. Gajah Mada - Jln Ke PDAM - TEA E1 Gunung Pangilun,"REKOMENDASI 
(Jalan, Jembatan, dll)",E1,Gunung Pangilun (rekomendasi),80684
SEKTOR E,71,Zona 56,47.9999967769,4301.40961328,JALAN KAKI,69,GEDUNG DAIHATSU DAN ACC FINANCE (Bangunan yang diusulkan),4301.40961328,Jln. Jakarta - Jln. Khatib Sulaiman - Jln. Joni Anwar - Jln. Gajah Mada - Jln Ke PDAM - TEA E1 Gunung Pangilun,"REKOMENDASI 
(Jalan, Jembatan, dll)",E1,Gunung Pangilun (rekomendasi),80684
SEKTOR E,71,Zona 56,47.9999967769,4301.40961328,JALAN KAKI,161,SDN 14 BELANTI (Bangunan yang diusulkan),4301.40961328,Jln. Jakarta - Jln. Khatib Sulaiman - Jln. Joni Anwar - Jln. Gajah Mada - Jln Ke PDAM - TEA E1 Gunung Pangilun,"REKOMENDASI 
(Jalan, Jembatan, dll)",E1,Gunung Pangilun (rekomendasi),80684
SEKTOR E,71,Zona 57,53.9999960457,4441.19524555,JALAN KAKI,LANGSUNG MENUJU TEA,SDN 14 BELANTI (Bangunan yang diusulkan),4441.19524555,TEA E1 Gunung Pangilun,"REKOMENDASI 
(Jalan, Jembatan, dll)",E1,Gunung Pangilun (rekomendasi),80684
SEKTOR E,71,Zona 59,81.4268246819,6515.85112131,JALAN KAKI,70,DPRD SUMATERA BARAT V,6515.85112131,Jln. Khatib Sulaiman - Jln. S. Parman - Jln. Joni Anwar - Jln. Gajah Mada - Jln Ke PDAM - TEA E1 Gunung Pangilun,"REKOMENDASI 
(Jalan, Jembatan, dll)",E1,Gunung Pangilun (rekomendasi),80684
SEKTOR E,71,Zona 59,81.4268246819,6515.85112131,JALAN KAKI,71,PSDA PROV SUMBAR (Bangunan yang diusulkan),6515.85112131,Jln. Khatib Sulaiman - Jln. S. Parman - Jln. Joni Anwar - Jln. Gajah Mada - Jln Ke PDAM - TEA E1 Gunung Pangilun,"REKOMENDASI 
(Jalan, Jembatan, dll)",E1,Gunung Pangilun (rekomendasi),80684
SEKTOR E,71,Zona 59,81.4268246819,6515.85112131,JALAN KAKI,72,VILLA HADIS (Bangunan yang diusulkan),6515.85112131,Jln. Khatib Sulaiman - Jln. S. Parman - Jln. Joni Anwar - Jln. Gajah Mada - Jln Ke PDAM - TEA E1 Gunung Pangilun,"REKOMENDASI 
(Jalan, Jembatan, dll)",E1,Gunung Pangilun (rekomendasi),80684
SEKTOR E,71,Zona 60,36.5,1238.863221,JALAN KAKI,LANGSUNG MENUJU TEA,VILLA HADIS (Bangunan yang diusulkan),1238.863221,Jln. Kelurahan Gurun Laweh - TEA E1 Gunung Pangilun,"REKOMENDASI 
(Jalan, Jembatan, dll)",E1,Gunung Pangilun (rekomendasi),80684
SEKTOR E,71,Zona 61,99.9992224885,10755.942509,JALAN KAKI,68,GEDUNG SEKOLAH AL AZHAR 32 PADANG  (Eksisting),10755.942509,Jln. Joni Anwar - Jln. Gajah Mada - Jln Ke PDAM - TEA E1 Gunung Pangilun,"REKOMENDASI 
(Jalan, Jembatan, dll)",E1,Gunung Pangilun (rekomendasi),80684
SEKTOR E,71,Zona 61,99.9992224885,10755.942509,JALAN KAKI,154,SWALAYAN SJS (Bangunan yang diusulkan),10755.942509,Jln. Joni Anwar - Jln. Gajah Mada - Jln Ke PDAM - TEA E1 Gunung Pangilun,"REKOMENDASI 
(Jalan, Jembatan, dll)",E1,Gunung Pangilun (rekomendasi),80684
SEKTOR E,71,Zona 61,99.9992224885,10755.942509,JALAN KAKI,162,SD 20 BEROK BELANTI (Bangunan yang diusulkan),10755.942509,Jln. Joni Anwar - Jln. Gajah Mada - Jln Ke PDAM - TEA E1 Gunung Pangilun,"REKOMENDASI 
(Jalan, Jembatan, dll)",E1,Gunung Pangilun (rekomendasi),80684
SEKTOR E,71,Zona 62,30.0007844761,2042.11808809,JALAN KAKI,151,INSTITUT TEKNOLOGI PADANG (Bangunan yang diusulkan),2042.11808809,Jln. Sawah Liek - TEA E1 Gunung Pangilun,"REKOMENDASI 
(Jalan, Jembatan, dll)",E1,Gunung Pangilun (rekomendasi),80684
SEKTOR E,71,Zona 62,30.0007844761,2042.11808809,JALAN KAKI,152,SMPN 12 PADANG (Bangunan yang diusulkan),2042.11808809,Jln. Sawah Liek - TEA E1 Gunung Pangilun,"REKOMENDASI 
(Jalan, Jembatan, dll)",E1,Gunung Pangilun (rekomendasi),80684
SEKTOR E,71,Zona 67,23.9999956228,1784.87463702,JALAN KAKI,LANGSUNG MENUJU TEA,SMPN 12 PADANG (Bangunan yang diusulkan),1784.87463702,Jln. Sei Deli - Jln. Gajah Mada - Jln Ke PDAM - TEA E1 Gunung Pangilun,"REKOMENDASI 
(Jalan, Jembatan, dll)",E1,Gunung Pangilun (rekomendasi),80684
SEKTOR E,71,Zona 139,31.5998594783,3046.469832,JALAN KAKI,47,MESJID MUHSININ (Bangunan yang diusulkan),3046.469832,Jln. Rasuna Said - Jln. Kyai Ahmad Dahlan - Jln. Gajah Mada - Jln Ke PDAM - TEA E1 Gunung Pangilun,"REKOMENDASI 
(Jalan, Jembatan, dll)",E1,Gunung Pangilun (rekomendasi),80684
SEKTOR G,99,Zona 22,68.0831443761,5972.68797977,JALAN KAKI,4,SMP N 3 PADANG (Bangunan yang diusulkan),5972.68797977,Jln. Hos Cokroaminoto - Jln. Tepi Pasang - Jln. Thamrin - Jln. Parak Pisang 1 - Jln. Sisinga Mangaraja - Jln. Dr. Sutomo - TEA G1 Lahan,"REKOMENDASI 
(Jalan, Jembatan, dll)",G1,Lahan kosong di Kelurahan Kubu Marapalam (rekomendasi),106327
SEKTOR G,99,Zona 24,48.000003932,4954.7151301,JALAN KAKI,LANGSUNG MENUJU TEA,SMP N 3 PADANG (Bangunan yang diusulkan),4954.7151301,Jln. KP Durian - Jln. Gurun Lawas - Jln. Aur Duri Indah - Jln. Dr. Sutomo - TEA G1 Lahan,"REKOMENDASI 
(Jalan, Jembatan, dll)",G1,Lahan kosong di Kelurahan Kubu Marapalam (rekomendasi),106327
SEKTOR G,99,Zona 25,40.0000031769,4910.31665806,JALAN KAKI,5,SMP N 4 PADANG  (Eksisting),4910.31665806,Jln. Pasar Batipuh - Jln. Pasar Gadang - Jln. Pasar Mudik - Jln. Sultan Syahrir - Jln. Parak Pisang - Jln. Sisinga Mangaraja - Jln Dr. Sutomo - TEA G1 Lahan,"REKOMENDASI 
(Jalan, Jembatan, dll)",G1,Lahan kosong di Kelurahan Kubu Marapalam (rekomendasi),106327
SEKTOR G,99,Zona 25,40.0000031769,4910.31665806,JALAN KAKI,113,SDN 15 BELAKANG PONDOK (Bangunan yang diusulkan),4910.31665806,Jln. Pasar Batipuh - Jln. Pasar Gadang - Jln. Pasar Mudik - Jln. Sultan Syahrir - Jln. Parak Pisang - Jln. Sisinga Mangaraja - Jln Dr. Sutomo - TEA G1 Lahan,"REKOMENDASI 
(Jalan, Jembatan, dll)",G1,Lahan kosong di Kelurahan Kubu Marapalam (rekomendasi),106327
SEKTOR G,99,Zona 26,42.0000022308,4177.39758061,JALAN KAKI,LANGSUNG MENUJU TEA,SDN 15 BELAKANG PONDOK (Bangunan yang diusulkan),4177.39758061,Jln. Gurun Lawas - Jln. Aurduri Indah - Jln. Dr. Sutomo - TEA G1 Lahan,"REKOMENDASI 
(Jalan, Jembatan, dll)",G1,Lahan kosong di Kelurahan Kubu Marapalam (rekomendasi),106327
SEKTOR G,99,Zona 27,46.000002421,6085.89347457,JALAN KAKI,114,"SDN 02, 04, 11 PASA GADANG (Bangunan yang diusulkan)",6085.89347457,Jln. Pasar Mudik - Jln. Sultan Syahrir - Jln. Parak Pisang - Jln. Sisinga Mangaraja - Jln Dr. Sutomo - TEA G1 Lahan,"REKOMENDASI 
(Jalan, Jembatan, dll)",G1,Lahan kosong di Kelurahan Kubu Marapalam (rekomendasi),106327
SEKTOR G,99,Zona 28,98.9999947571,7526.96054513,JALAN KAKI,6,SD AGNES (Bangunan yang diusulkan),7526.96054513,Jln. Muhammad Husni Thamrin - Jln. Parak Pisang 1 - Jln. Sisinga Mangaraja - Jln. Dr. Sutomo - TEA G1 Lahan,"REKOMENDASI 
(Jalan, Jembatan, dll)",G1,Lahan kosong di Kelurahan Kubu Marapalam (rekomendasi),106327
SEKTOR G,99,Zona 28,98.9999947571,7526.96054513,JALAN KAKI,7,SMP MARIA (Bangunan yang diusulkan),7526.96054513,Jln. Muhammad Husni Thamrin - Jln. Parak Pisang 1 - Jln. Sisinga Mangaraja - Jln. Dr. Sutomo - TEA G1 Lahan,"REKOMENDASI 
(Jalan, Jembatan, dll)",G1,Lahan kosong di Kelurahan Kubu Marapalam (rekomendasi),106327
SEKTOR G,99,Zona 28,98.9999947571,7526.96054513,JALAN KAKI,8,HOTEL BUMI MINANG (Bangunan yang diusulkan),7526.96054513,Jln. Muhammad Husni Thamrin - Jln. Parak Pisang 1 - Jln. Sisinga Mangaraja - Jln. Dr. Sutomo - TEA G1 Lahan,"REKOMENDASI 
(Jalan, Jembatan, dll)",G1,Lahan kosong di Kelurahan Kubu Marapalam (rekomendasi),106327
SEKTOR G,99,Zona 28,98.9999947571,7526.96054513,JALAN KAKI,9,HOTEL PANGERAN CITY (Bangunan yang diusulkan),7526.96054513,Jln. Muhammad Husni Thamrin - Jln. Parak Pisang 1 - Jln. Sisinga Mangaraja - Jln. Dr. Sutomo - TEA G1 Lahan,"REKOMENDASI 
(Jalan, Jembatan, dll)",G1,Lahan kosong di Kelurahan Kubu Marapalam (rekomendasi),106327
SEKTOR G,99,Zona 28,98.9999947571,7526.96054513,JALAN KAKI,10,HOTEL MARIANI INTERNATIONAL (Bangunan yang diusulkan),7526.96054513,Jln. Muhammad Husni Thamrin - Jln. Parak Pisang 1 - Jln. Sisinga Mangaraja - Jln. Dr. Sutomo - TEA G1 Lahan,"REKOMENDASI 
(Jalan, Jembatan, dll)",G1,Lahan kosong di Kelurahan Kubu Marapalam (rekomendasi),106327
SEKTOR G,99,Zona 28,98.9999947571,7526.96054513,JALAN KAKI,11,MASJID NURUL IMAN (Bangunan yang diusulkan),7526.96054513,Jln. Muhammad Husni Thamrin - Jln. Parak Pisang 1 - Jln. Sisinga Mangaraja - Jln. Dr. Sutomo - TEA G1 Lahan,"REKOMENDASI 
(Jalan, Jembatan, dll)",G1,Lahan kosong di Kelurahan Kubu Marapalam (rekomendasi),106327
SEKTOR G,99,Zona 28,98.9999947571,7526.96054513,JALAN KAKI,12,TK MARIA (Bangunan yang diusulkan),7526.96054513,Jln. Muhammad Husni Thamrin - Jln. Parak Pisang 1 - Jln. Sisinga Mangaraja - Jln. Dr. Sutomo - TEA G1 Lahan,"REKOMENDASI 
(Jalan, Jembatan, dll)",G1,Lahan kosong di Kelurahan Kubu Marapalam (rekomendasi),106327
SEKTOR G,99,Zona 28,98.9999947571,7526.96054513,JALAN KAKI,13,BANK NATIONAL INDONESIA (BNI) (Bangunan yang diusulkan),7526.96054513,Jln. Muhammad Husni Thamrin - Jln. Parak Pisang 1 - Jln. Sisinga Mangaraja - Jln. Dr. Sutomo - TEA G1 Lahan,"REKOMENDASI 
(Jalan, Jembatan, dll)",G1,Lahan kosong di Kelurahan Kubu Marapalam (rekomendasi),106327
SEKTOR G,99,Zona 28,98.9999947571,7526.96054513,JALAN KAKI,20,HOTEL GRAND ZURI (Bangunan yang diusulkan),7526.96054513,Jln. Muhammad Husni Thamrin - Jln. Parak Pisang 1 - Jln. Sisinga Mangaraja - Jln. Dr. Sutomo - TEA G1 Lahan,"REKOMENDASI 
(Jalan, Jembatan, dll)",G1,Lahan kosong di Kelurahan Kubu Marapalam (rekomendasi),106327
SEKTOR G,99,Zona 28,98.9999947571,7526.96054513,JALAN KAKI,21,HOTEL AXANA (Bangunan yang diusulkan),7526.96054513,Jln. Muhammad Husni Thamrin - Jln. Parak Pisang 1 - Jln. Sisinga Mangaraja - Jln. Dr. Sutomo - TEA G1 Lahan,"REKOMENDASI 
(Jalan, Jembatan, dll)",G1,Lahan kosong di Kelurahan Kubu Marapalam (rekomendasi),106327
SEKTOR G,99,Zona 28,98.9999947571,7526.96054513,JALAN KAKI,22,SMPN 2 PADANG  (Eksisting),7526.96054513,Jln. Muhammad Husni Thamrin - Jln. Parak Pisang 1 - Jln. Sisinga Mangaraja - Jln. Dr. Sutomo - TEA G1 Lahan,"REKOMENDASI 
(Jalan, Jembatan, dll)",G1,Lahan kosong di Kelurahan Kubu Marapalam (rekomendasi),106327
SEKTOR G,99,Zona 28,98.9999947571,7526.96054513,JALAN KAKI,23,TELKOM (Bangunan yang diusulkan),7526.96054513,Jln. Muhammad Husni Thamrin - Jln. Parak Pisang 1 - Jln. Sisinga Mangaraja - Jln. Dr. Sutomo - TEA G1 Lahan,"REKOMENDASI 
(Jalan, Jembatan, dll)",G1,Lahan kosong di Kelurahan Kubu Marapalam (rekomendasi),106327
SEKTOR G,99,Zona 28,98.9999947571,7526.96054513,JALAN KAKI,24,MASJID RAYA MUHAMMADIYAH (Bangunan yang diusulkan),7526.96054513,Jln. Muhammad Husni Thamrin - Jln. Parak Pisang 1 - Jln. Sisinga Mangaraja - Jln. Dr. Sutomo - TEA G1 Lahan,"REKOMENDASI 
(Jalan, Jembatan, dll)",G1,Lahan kosong di Kelurahan Kubu Marapalam (rekomendasi),106327
SEKTOR G,99,Zona 28,98.9999947571,7526.96054513,JALAN KAKI,26,PASAR INPRES  (Eksisting),7526.96054513,Jln. Muhammad Husni Thamrin - Jln. Parak Pisang 1 - Jln. Sisinga Mangaraja - Jln. Dr. Sutomo - TEA G1 Lahan,"REKOMENDASI 
(Jalan, Jembatan, dll)",G1,Lahan kosong di Kelurahan Kubu Marapalam (rekomendasi),106327
SEKTOR G,99,Zona 28,98.9999947571,7526.96054513,JALAN KAKI,116,SDN 01 & 08 & 18 & 20 & 36 & 37 ALANG LAWEH (Bangunan yang diusulkan),7526.96054513,Jln. Muhammad Husni Thamrin - Jln. Parak Pisang 1 - Jln. Sisinga Mangaraja - Jln. Dr. Sutomo - TEA G1 Lahan,"REKOMENDASI 
(Jalan, Jembatan, dll)",G1,Lahan kosong di Kelurahan Kubu Marapalam (rekomendasi),106327
SEKTOR G,99,Zona 29,53.9999945284,4886.97157274,JALAN KAKI,115,SMPN 9 PADANG (Bangunan yang diusulkan),4886.97157274,Jln. Air Camar - Jln. Aur Duri - Jln. Aur Duri Indah - Jln. Dr. Sutomo - TEA G1 Lahan,"REKOMENDASI 
(Jalan, Jembatan, dll)",G1,Lahan kosong di Kelurahan Kubu Marapalam (rekomendasi),106327
SEKTOR G,99,Zona 30,80.7329440667,5682.93658845,JALAN KAKI,LANGSUNG MENUJU TEA,SMPN 9 PADANG (Bangunan yang diusulkan),5682.93658845,Jln. Hang Tuah - Jln. Moh. Yamin - Jln. Proklamasi - Jln. Doktor Wahidin - Jln. Parak Pisang 1 - Jln. Sisinga Mangaraja - Jln. Dr. Sutomo - TEA G1 Lahan,"REKOMENDASI 
(Jalan, Jembatan, dll)",G1,Lahan kosong di Kelurahan Kubu Marapalam (rekomendasi),106327
SEKTOR G,99,Zona 32,40.9999965646,3165.06705629,JALAN KAKI,LANGSUNG MENUJU TEA,SMPN 9 PADANG (Bangunan yang diusulkan),3165.06705629,Jln. Aurduri Indah - Jln. Dr. Sutomo - TEA G1 Lahan,"REKOMENDASI 
(Jalan, Jembatan, dll)",G1,Lahan kosong di Kelurahan Kubu Marapalam (rekomendasi),106327
SEKTOR G,99,Zona 33,34.9999992724,4084.74860515,JALAN KAKI,LANGSUNG MENUJU TEA,SMPN 9 PADANG (Bangunan yang diusulkan),4084.74860515,Jln. Proklamasi - Jln. Doktor Wahidin - Jln. Parak Pisang 1 - Jln. Sisinga Mangaraja - Jln. Dr. Sutomo - TEA G1 Lahan,"REKOMENDASI 
(Jalan, Jembatan, dll)",G1,Lahan kosong di Kelurahan Kubu Marapalam (rekomendasi),106327
SEKTOR G,99,Zona 34,67.0000012082,4857.14958899,JALAN KAKI,25,BANK MANDIRI (Bangunan yang diusulkan),4857.14958899,Jln. H. Agus Salim - Jln. Sawahan - Jln. Doktor Wahidin - Jln. Sisinga Mangaraja - Jln Dr. Sutomo - TEA G1 Lahan,"REKOMENDASI 
(Jalan, Jembatan, dll)",G1,Lahan kosong di Kelurahan Kubu Marapalam (rekomendasi),106327
SEKTOR G,99,Zona 34,67.0000012082,4857.14958899,JALAN KAKI,27,KANTOR PAJAK (Bangunan yang diusulkan),4857.14958899,Jln. H. Agus Salim - Jln. Sawahan - Jln. Doktor Wahidin - Jln. Sisinga Mangaraja - Jln Dr. Sutomo - TEA G1 Lahan,"REKOMENDASI 
(Jalan, Jembatan, dll)",G1,Lahan kosong di Kelurahan Kubu Marapalam (rekomendasi),106327
SEKTOR G,99,Zona 34,67.0000012082,4857.14958899,JALAN KAKI,28,BANK RAKYAT INDONESIA (BRI) (Bangunan yang diusulkan),4857.14958899,Jln. H. Agus Salim - Jln. Sawahan - Jln. Doktor Wahidin - Jln. Sisinga Mangaraja - Jln Dr. Sutomo - TEA G1 Lahan,"REKOMENDASI 
(Jalan, Jembatan, dll)",G1,Lahan kosong di Kelurahan Kubu Marapalam (rekomendasi),106327
SEKTOR G,99,Zona 34,67.0000012082,4857.14958899,JALAN KAKI,29,HOTEL ROCKY (Bangunan yang diusulkan),4857.14958899,Jln. H. Agus Salim - Jln. Sawahan - Jln. Doktor Wahidin - Jln. Sisinga Mangaraja - Jln Dr. Sutomo - TEA G1 Lahan,"REKOMENDASI 
(Jalan, Jembatan, dll)",G1,Lahan kosong di Kelurahan Kubu Marapalam (rekomendasi),106327
SEKTOR G,99,Zona 34,67.0000012082,4857.14958899,JALAN KAKI,30,HOTEL DAIMA (Bangunan yang diusulkan),4857.14958899,Jln. H. Agus Salim - Jln. Sawahan - Jln. Doktor Wahidin - Jln. Sisinga Mangaraja - Jln Dr. Sutomo - TEA G1 Lahan,"REKOMENDASI 
(Jalan, Jembatan, dll)",G1,Lahan kosong di Kelurahan Kubu Marapalam (rekomendasi),106327
SEKTOR G,99,Zona 34,67.0000012082,4857.14958899,JALAN KAKI,32,BANK INDONESIA (Bangunan yang diusulkan),4857.14958899,Jln. H. Agus Salim - Jln. Sawahan - Jln. Doktor Wahidin - Jln. Sisinga Mangaraja - Jln Dr. Sutomo - TEA G1 Lahan,"REKOMENDASI 
(Jalan, Jembatan, dll)",G1,Lahan kosong di Kelurahan Kubu Marapalam (rekomendasi),106327
SEKTOR G,99,Zona 34,67.0000012082,4857.14958899,JALAN KAKI,118,SDN 02 DAN 04 PADANG TIMUR (Bangunan yang diusulkan),4857.14958899,Jln. H. Agus Salim - Jln. Sawahan - Jln. Doktor Wahidin - Jln. Sisinga Mangaraja - Jln Dr. Sutomo - TEA G1 Lahan,"REKOMENDASI 
(Jalan, Jembatan, dll)",G1,Lahan kosong di Kelurahan Kubu Marapalam (rekomendasi),106327
SEKTOR G,99,Zona 35,46.0000027551,4405.22532267,JALAN KAKI,14,SMKN 2 PADANG (Bangunan yang diusulkan),4405.22532267,Jln. Dr. Sutomo -  TEA G1 Lahan,"REKOMENDASI 
(Jalan, Jembatan, dll)",G1,Lahan kosong di Kelurahan Kubu Marapalam (rekomendasi),106327
SEKTOR G,99,Zona 35,46.0000027551,4405.22532267,JALAN KAKI,15,AKPER RANAH MINANG (Bangunan yang diusulkan),4405.22532267,Jln. Dr. Sutomo -  TEA G1 Lahan,"REKOMENDASI 
(Jalan, Jembatan, dll)",G1,Lahan kosong di Kelurahan Kubu Marapalam (rekomendasi),106327
SEKTOR G,99,Zona 35,46.0000027551,4405.22532267,JALAN KAKI,117,SMPN 8 PADANG (Bangunan yang diusulkan),4405.22532267,Jln. Dr. Sutomo -  TEA G1 Lahan,"REKOMENDASI 
(Jalan, Jembatan, dll)",G1,Lahan kosong di Kelurahan Kubu Marapalam (rekomendasi),106327
SEKTOR G,99,Zona 36,80.0000040773,7303.05700578,JALAN KAKI,16,PLN WILAYAH SUMBAR (Bangunan yang diusulkan),7303.05700578,Jln. Sawahan - Jln. Doktor Wahidin - Jln. Sisinga Mangaraja - Jln Dr. Sutomo - TEA G1 Lahan,"REKOMENDASI 
(Jalan, Jembatan, dll)",G1,Lahan kosong di Kelurahan Kubu Marapalam (rekomendasi),106327
SEKTOR G,99,Zona 36,80.0000040773,7303.05700578,JALAN KAKI,44,DPRD KOTA PADANG (Bangunan yang diusulkan),7303.05700578,Jln. Sawahan - Jln. Doktor Wahidin - Jln. Sisinga Mangaraja - Jln Dr. Sutomo - TEA G1 Lahan,"REKOMENDASI 
(Jalan, Jembatan, dll)",G1,Lahan kosong di Kelurahan Kubu Marapalam (rekomendasi),106327
SEKTOR G,99,Zona 36,80.0000040773,7303.05700578,JALAN KAKI,60,RS TENTARA (Bangunan yang diusulkan),7303.05700578,Jln. Sawahan - Jln. Doktor Wahidin - Jln. Sisinga Mangaraja - Jln Dr. Sutomo - TEA G1 Lahan,"REKOMENDASI 
(Jalan, Jembatan, dll)",G1,Lahan kosong di Kelurahan Kubu Marapalam (rekomendasi),106327
SEKTOR G,99,Zona 37,78.6453192029,6585.7461667,JALAN KAKI,33,RS SELAGURI (Bangunan yang diusulkan),6585.7461667,Jln. Damar - Jln. Ahmad Yani - Jln. Jendral Sudirman - Jln. Abdul Muis - Jln. Perintis Kemerdekaan  - Jln. Jati Koto Panjang - Jln. KP Baru - Jln. Dr. Sutomo - TEA G1 Lahan,"REKOMENDASI 
(Jalan, Jembatan, dll)",G1,Lahan kosong di Kelurahan Kubu Marapalam (rekomendasi),106327
SEKTOR G,99,Zona 37,78.6453192029,6585.7461667,JALAN KAKI,34,UNIVERSITAS EKASAKTI (Bangunan yang diusulkan),6585.7461667,Jln. Damar - Jln. Ahmad Yani - Jln. Jendral Sudirman - Jln. Abdul Muis - Jln. Perintis Kemerdekaan  - Jln. Jati Koto Panjang - Jln. KP Baru - Jln. Dr. Sutomo - TEA G1 Lahan,"REKOMENDASI 
(Jalan, Jembatan, dll)",G1,Lahan kosong di Kelurahan Kubu Marapalam (rekomendasi),106327
SEKTOR G,99,Zona 37,78.6453192029,6585.7461667,JALAN KAKI,120,SDN 05 DAN 15 PADANG PASIR (Bangunan yang diusulkan),6585.7461667,Jln. Damar - Jln. Ahmad Yani - Jln. Jendral Sudirman - Jln. Abdul Muis - Jln. Perintis Kemerdekaan  - Jln. Jati Koto Panjang - Jln. KP Baru - Jln. Dr. Sutomo - TEA G1 Lahan,"REKOMENDASI 
(Jalan, Jembatan, dll)",G1,Lahan kosong di Kelurahan Kubu Marapalam (rekomendasi),106327
SEKTOR G,99,Zona 38,25.0000014695,2605.1213281,JALAN KAKI,17,FAKULTAS KEDOKTERAN UNAND (Bangunan yang diusulkan),2605.1213281,Jln. Abdul Ahmad - Jln. Perintis Kemerdekaan - Jln. Sawahan - Jln. Doktor Wahidin - Jln. Sisinga Mangaraja - Jln Dr. Sutomo - TEA G1 Lahan,"REKOMENDASI 
(Jalan, Jembatan, dll)",G1,Lahan kosong di Kelurahan Kubu Marapalam (rekomendasi),106327
SEKTOR G,99,Zona 38,25.0000014695,2605.1213281,JALAN KAKI,19,KOMPLEK PGAI (Bangunan yang diusulkan),2605.1213281,Jln. Abdul Ahmad - Jln. Perintis Kemerdekaan - Jln. Sawahan - Jln. Doktor Wahidin - Jln. Sisinga Mangaraja - Jln Dr. Sutomo - TEA G1 Lahan,"REKOMENDASI 
(Jalan, Jembatan, dll)",G1,Lahan kosong di Kelurahan Kubu Marapalam (rekomendasi),106327
SEKTOR G,99,Zona 38,25.0000014695,2605.1213281,JALAN KAKI,31,RSUP M JAMIL (Bangunan yang diusulkan),2605.1213281,Jln. Abdul Ahmad - Jln. Perintis Kemerdekaan - Jln. Sawahan - Jln. Doktor Wahidin - Jln. Sisinga Mangaraja - Jln Dr. Sutomo - TEA G1 Lahan,"REKOMENDASI 
(Jalan, Jembatan, dll)",G1,Lahan kosong di Kelurahan Kubu Marapalam (rekomendasi),106327
SEKTOR G,99,Zona 39,53.999993377,3817.36059943,JALAN KAKI,LANGSUNG MENUJU TEA,RSUP M JAMIL (Bangunan yang diusulkan),3817.36059943,Jln. KP Baru - Jln. Dr. Sutomo - TEA G1 Lahan,"REKOMENDASI 
(Jalan, Jembatan, dll)",G1,Lahan kosong di Kelurahan Kubu Marapalam (rekomendasi),106327
SEKTOR G,99,Zona 40,15.9999995324,1303.16972255,JALAN KAKI,119,SMPN 30 PADANG (Bangunan yang diusulkan),1303.16972255,Jln. Jati Rumah Gadang - Jln. KP Baru - Jln. Dr. Sutomo - TEA G1 Lahan,"REKOMENDASI 
(Jalan, Jembatan, dll)",G1,Lahan kosong di Kelurahan Kubu Marapalam (rekomendasi),106327
SEKTOR G,99,Zona 41,50.9999963376,5106.89426496,JALAN KAKI,36,RS YOS SUDARSO (Bangunan yang diusulkan),5106.89426496,Jln. Koto Tiggi - Jln. Perintis Kemerdekaan  - Jln. Jati Koto Panjang - Jln. KP Baru - Jln. Dr. Sutomo - TEA G1 Lahan,"REKOMENDASI 
(Jalan, Jembatan, dll)",G1,Lahan kosong di Kelurahan Kubu Marapalam (rekomendasi),106327
SEKTOR G,99,Zona 41,50.9999963376,5106.89426496,JALAN KAKI,121,SMKN 6 PADANG (Bangunan yang diusulkan),5106.89426496,Jln. Koto Tiggi - Jln. Perintis Kemerdekaan  - Jln. Jati Koto Panjang - Jln. KP Baru - Jln. Dr. Sutomo - TEA G1 Lahan,"REKOMENDASI 
(Jalan, Jembatan, dll)",G1,Lahan kosong di Kelurahan Kubu Marapalam (rekomendasi),106327
SEKTOR G,99,Zona 41,50.9999963376,5106.89426496,JALAN KAKI,122,FAKULTAS EKONOMI UNAND (Bangunan yang diusulkan),5106.89426496,Jln. Koto Tiggi - Jln. Perintis Kemerdekaan  - Jln. Jati Koto Panjang - Jln. KP Baru - Jln. Dr. Sutomo - TEA G1 Lahan,"REKOMENDASI 
(Jalan, Jembatan, dll)",G1,Lahan kosong di Kelurahan Kubu Marapalam (rekomendasi),106327
SEKTOR G,99,Zona 41,50.9999963376,5106.89426496,JALAN KAKI,123,SDN 21 DAN 26 (Bangunan yang diusulkan),5106.89426496,Jln. Koto Tiggi - Jln. Perintis Kemerdekaan  - Jln. Jati Koto Panjang - Jln. KP Baru - Jln. Dr. Sutomo - TEA G1 Lahan,"REKOMENDASI 
(Jalan, Jembatan, dll)",G1,Lahan kosong di Kelurahan Kubu Marapalam (rekomendasi),106327
SEKTOR G,99,Zona 41,50.9999963376,5106.89426496,JALAN KAKI,159,SMAN 10 PADANG (Bangunan yang diusulkan),5106.89426496,Jln. Koto Tiggi - Jln. Perintis Kemerdekaan  - Jln. Jati Koto Panjang - Jln. KP Baru - Jln. Dr. Sutomo - TEA G1 Lahan,"REKOMENDASI 
(Jalan, Jembatan, dll)",G1,Lahan kosong di Kelurahan Kubu Marapalam (rekomendasi),106327
SEKTOR G,99,Zona 42,24.9189168438,2971.47182992,JALAN KAKI,LANGSUNG MENUJU TEA,SMAN 10 PADANG (Bangunan yang diusulkan),2971.47182992,Jln. Purus 4 - Jln. Veteran Dalam - Jln. Situjuh - Jln. Perintis Kemerdekaan - Jln. Adabiah - Jln. Jati Koto Panjang - Jln. KP Baru - Jln. Dr. Sutomo - TEA G1 Lahan,"REKOMENDASI 
(Jalan, Jembatan, dll)",G1,Lahan kosong di Kelurahan Kubu Marapalam (rekomendasi),106327
SEKTOR G,99,Zona 43,43.1127459014,4313.5571986,JALAN KAKI,35,ESCAPE BUILDING KANTOR GEBERNUR  (Eksisting),4313.5571986,Jln. Purus 5 - Jln. Ujung Gurun - Jln. Mangun Sarkoro - Jln. Perintis Kemerdekaan - Jln. Adabiah - Jln. Jati Koto Panjang - Jln. KP Baru - Jln. Dr. Sutomo - TEA G1 Lahan,"REKOMENDASI 
(Jalan, Jembatan, dll)",G1,Lahan kosong di Kelurahan Kubu Marapalam (rekomendasi),106327
SEKTOR G,99,Zona 43,43.1127459014,4313.5571986,JALAN KAKI,37,POLDA SUMBAR (Bangunan yang diusulkan),4313.5571986,Jln. Purus 5 - Jln. Ujung Gurun - Jln. Mangun Sarkoro - Jln. Perintis Kemerdekaan - Jln. Adabiah - Jln. Jati Koto Panjang - Jln. KP Baru - Jln. Dr. Sutomo - TEA G1 Lahan,"REKOMENDASI 
(Jalan, Jembatan, dll)",G1,Lahan kosong di Kelurahan Kubu Marapalam (rekomendasi),106327
SEKTOR G,99,Zona 43,43.1127459014,4313.5571986,JALAN KAKI,40,SD N 23 / 24 UJUNG GURUN  (Eksisting),4313.5571986,Jln. Purus 5 - Jln. Ujung Gurun - Jln. Mangun Sarkoro - Jln. Perintis Kemerdekaan - Jln. Adabiah - Jln. Jati Koto Panjang - Jln. KP Baru - Jln. Dr. Sutomo - TEA G1 Lahan,"REKOMENDASI 
(Jalan, Jembatan, dll)",G1,Lahan kosong di Kelurahan Kubu Marapalam (rekomendasi),106327
SEKTOR G,99,Zona 44,42.2874003118,3046.469832,JALAN KAKI,38,GEDUNG JASA RAHARJA (Bangunan yang diusulkan),3046.469832,Jln. Ujung Gurun - Jln. Mangun Sarkoro - Jln. Perintis Kemerdekaan - Jln. Adabiah - Jln. Jati Koto Panjang - Jln. KP Baru - Jln. Dr. Sutomo - TEA G1 Lahan,"REKOMENDASI 
(Jalan, Jembatan, dll)",G1,Lahan kosong di Kelurahan Kubu Marapalam (rekomendasi),106327
SEKTOR G,99,Zona 44,42.2874003118,3046.469832,JALAN KAKI,39,BTN (Bangunan yang diusulkan),3046.469832,Jln. Ujung Gurun - Jln. Mangun Sarkoro - Jln. Perintis Kemerdekaan - Jln. Adabiah - Jln. Jati Koto Panjang - Jln. KP Baru - Jln. Dr. Sutomo - TEA G1 Lahan,"REKOMENDASI 
(Jalan, Jembatan, dll)",G1,Lahan kosong di Kelurahan Kubu Marapalam (rekomendasi),106327
SEKTOR G,99,Zona 44,42.2874003118,3046.469832,JALAN KAKI,41,GEDUNG PETERNAKAN (Bangunan yang diusulkan),3046.469832,Jln. Ujung Gurun - Jln. Mangun Sarkoro - Jln. Perintis Kemerdekaan - Jln. Adabiah - Jln. Jati Koto Panjang - Jln. KP Baru - Jln. Dr. Sutomo - TEA G1 Lahan,"REKOMENDASI 
(Jalan, Jembatan, dll)",G1,Lahan kosong di Kelurahan Kubu Marapalam (rekomendasi),106327
SEKTOR G,99,Zona 45,41.0000017823,5003.42637471,JALAN KAKI,18,ADABIAH (Bangunan yang diusulkan),5003.42637471,Jln. Perintis Kemerdekaan - Jln. Adabiah - Jln. Jati Koto Panjang - Jln. KP Baru - Jln. Dr. Sutomo - TEA G1 Lahan,"REKOMENDASI 
(Jalan, Jembatan, dll)",G1,Lahan kosong di Kelurahan Kubu Marapalam (rekomendasi),106327
SEKTOR G,99,Zona 46,38.0000026321,3560.64125755,JALAN KAKI,LANGSUNG MENUJU TEA,ADABIAH (Bangunan yang diusulkan),3560.64125755,Jln. Jati Gaung - Jln. Jati Rumah Gadang - Jln. KP Baru - Jln. Andalas - Jln. Dr. Sutomo - TEA G1 Lahan,"REKOMENDASI 
(Jalan, Jembatan, dll)",G1,Lahan kosong di Kelurahan Kubu Marapalam (rekomendasi),106327
